{
  "$schema": "https://raw.githubusercontent.com/DotNetAnalyzers/StyleCopAnalyzers/master/StyleCop.Analyzers/StyleCop.Analyzers/Settings/stylecop.schema.json",
  "settings": {
    "documentationRules": {
      "xmlHeader": false,
      "fileNamingConvention": "stylecop",
      "documentInterfaces": false,
      "documentExposedElements": false,
      "documentInternalElements": false,
      "documentPrivateElements": false,
      "documentPrivateFields": false
    },
    "orderingRules": {
      "usingDirectivesPlacement": "outsideNamespace"
    },
    "layoutRules": {
      "newlineAtEndOfFile": "allow"
    }
  }
}
